{"Collected Steps per Second": 35060.65923196251, "Cumulative Model Updates": 1504, "Cumulative Timesteps": 25217200, "Mean KL Divergence": 1.352324829895224e-06, "Overall Steps per Second": 13266.178850798442, "PPO Batch Consumption Time": 0.6138657728830973, "Policy Entropy": 4.4996442794799805, "Policy Reward": 0.021894813323108202, "Policy Update Magnitude": 0.07246410101652145, "SB3 Clip Fraction": 0.0, "Timestep Collection Time": 1.4272407050002585, "Timestep Consumption Time": 2.3447572880004373, "Timesteps Collected": 50040, "Total Iteration Time": 3.7719979930006957, "Value Function Loss": 0.002970680439223846, "Value Function Update Magnitude": 0.11676660180091858, "_runtime": 2457.098215341568, "_step": 523, "_timestamp": 1737768340.4637024, "_wandb": {"runtime": 2454}}