{"Collected Steps per Second": 29543.37101598677, "Cumulative Model Updates": 1504, "Cumulative Timesteps": 25217204, "Mean KL Divergence": 1.4533519561155117e-06, "Overall Steps per Second": 12188.466977970751, "PPO Batch Consumption Time": 0.611183245976766, "Policy Entropy": 4.499629179636638, "Policy Reward": 0.002060417552048574, "Policy Update Magnitude": 0.07156972587108612, "SB3 Clip Fraction": 0.0, "Timestep Collection Time": 1.6929686180001227, "Timestep Consumption Time": 2.410582722000072, "Timesteps Collected": 50016, "Total Iteration Time": 4.103551340000195, "Value Function Loss": 0.001805818445670108, "Value Function Update Magnitude": 0.10876262187957764, "_runtime": 2443.1566774845123, "_step": 519, "_timestamp": 1737766266.0415654, "_wandb": {"runtime": 2441}}